<?xml version="1.0" ?>
<?xml-stylesheet type="text/xsl" href="book_list.xsl"?>
<book_list>
<book>
  <title> Computer Networks, 4/e </title>
  <author> Andrew S. Tanenbaum </author>
  <year> 2003 </year>
</book>
<book>
  <title> Modern Operating Systems, 2/e </title>
  <author> Andrew S. Tanenbaum </author>
  <year> 2001 </year>
</book>
<book>
  <title> Structured Computer Organization, 4/e </title>
  <author> Andrew S. Tanenbaum </author>
  <year> 1999 </year>
</book>
</book_list>
